1) Relatório Educação: Informar nome, data de nascimento e id dos cidadãos de XPTO que frequentaram a escola, menos os cidadãos que tiveram dengue.;245
2) Relatório Saúde: Informar nome, data de nascimento e data que tiveram dengue dos cidadãos de XPTO que frequentaram o posto de saúde, menos os cidadãos que não utilizam ônibus.;18
3) Relatório Mobilidade: Informar nome, data de nascimento e linhas de ônibus dos cidadãos de XPTO que utilizaram o transporte público e não tiveram dengue.;272
4) Relatório Educação e Saúde: Informar nome, data de nascimento, id e data que tiveram dengue dos cidadãos de XPTO que frequentaram a escola e tiveram dengue.;28
5) Relatório Educação e Mobilidade: Informar nome, data de nascimento, id e linhas de ônibus dos cidadãos de XPTO que frequentaram a escola e utilizaram transporte público.;23
6) Relatório Saúde e Mobilidade: Informar nome, data de nascimento, data que tiveram dengue e linhas de ônibus dos cidadãos de XPTO que frequentaram o posto de saúde e utilizaram transporte público.;18
7) Relatório Saúde, Mobilidade e Educação: Informar nome, data de nascimento, data que tiveram dengue e linhas de ônibus  dos cidadãos de XPTO que frequentaram o posto de saúde, utilizaram transporte público e frequentaram a escola.;5
8) Informar nome, data de nascimento, data que tiveram dengue dos cidadãos de XPTO que frequentaram o posto de saúde, mas não utilizaram transporte público.;195
9) Informar nome, data de nascimento, data que tiveram dengue dos cidadãos de XPTO que frequentaram o posto de saúde, mas não frequentaram a escola.;185
10) Informar nome, data de nascimento, data que tiveram dengue dos cidadãos de XPTO que frequentaram o posto de saúde, mas não frequentaram a escola, nem utilizaram transporte público.;172
1) Relatório Educação: Informar nome, data de nascimento e id dos cidadãos de XPTO que frequentaram a escola, menos os cidadãos que tiveram dengue.;245
2) Relatório Saúde: Informar nome, data de nascimento e data que tiveram dengue dos cidadãos de XPTO que frequentaram o posto de saúde, menos os cidadãos que não utilizam ônibus.;18
3) Relatório Mobilidade: Informar nome, data de nascimento e linhas de ônibus dos cidadãos de XPTO que utilizaram o transporte público e não tiveram dengue.;272
4) Relatório Educação e Saúde: Informar nome, data de nascimento, id e data que tiveram dengue dos cidadãos de XPTO que frequentaram a escola e tiveram dengue.;28
5) Relatório Educação e Mobilidade: Informar nome, data de nascimento, id e linhas de ônibus dos cidadãos de XPTO que frequentaram a escola e utilizaram transporte público.;23
6) Relatório Saúde e Mobilidade: Informar nome, data de nascimento, data que tiveram dengue e linhas de ônibus dos cidadãos de XPTO que frequentaram o posto de saúde e utilizaram transporte público.;18
8) Informar nome, data de nascimento, data que tiveram dengue dos cidadãos de XPTO que frequentaram o posto de saúde, mas não utilizaram transporte público.;195
9) Informar nome, data de nascimento, data que tiveram dengue dos cidadãos de XPTO que frequentaram o posto de saúde, mas não frequentaram a escola.;185
10) Informar nome, data de nascimento, data que tiveram dengue dos cidadãos de XPTO que frequentaram o posto de saúde, mas não frequentaram a escola, nem utilizaram transporte público.;172
1) Relatório Educação: Informar nome, data de nascimento e id dos cidadãos de XPTO que frequentaram a escola, menos os cidadãos que tiveram dengue.;245
2) Relatório Saúde: Informar nome, data de nascimento e data que tiveram dengue dos cidadãos de XPTO que frequentaram o posto de saúde, menos os cidadãos que não utilizam ônibus.;18
3) Relatório Mobilidade: Informar nome, data de nascimento e linhas de ônibus dos cidadãos de XPTO que utilizaram o transporte público e não tiveram dengue.;272
4) Relatório Educação e Saúde: Informar nome, data de nascimento, id e data que tiveram dengue dos cidadãos de XPTO que frequentaram a escola e tiveram dengue.;28
5) Relatório Educação e Mobilidade: Informar nome, data de nascimento, id e linhas de ônibus dos cidadãos de XPTO que frequentaram a escola e utilizaram transporte público.;23
6) Relatório Saúde e Mobilidade: Informar nome, data de nascimento, data que tiveram dengue e linhas de ônibus dos cidadãos de XPTO que frequentaram o posto de saúde e utilizaram transporte público.;18
8) Informar nome, data de nascimento, data que tiveram dengue dos cidadãos de XPTO que frequentaram o posto de saúde, mas não utilizaram transporte público.;195
9) Informar nome, data de nascimento, data que tiveram dengue dos cidadãos de XPTO que frequentaram o posto de saúde, mas não frequentaram a escola.;185
10) Informar nome, data de nascimento, data que tiveram dengue dos cidadãos de XPTO que frequentaram o posto de saúde, mas não frequentaram a escola, nem utilizaram transporte público.;172
1) Relatório Educação: Informar nome, data de nascimento e id dos cidadãos de XPTO que frequentaram a escola, menos os cidadãos que tiveram dengue.;245
2) Relatório Saúde: Informar nome, data de nascimento e data que tiveram dengue dos cidadãos de XPTO que frequentaram o posto de saúde, menos os cidadãos que não utilizam ônibus.;18
3) Relatório Mobilidade: Informar nome, data de nascimento e linhas de ônibus dos cidadãos de XPTO que utilizaram o transporte público e não tiveram dengue.;272
4) Relatório Educação e Saúde: Informar nome, data de nascimento, id e data que tiveram dengue dos cidadãos de XPTO que frequentaram a escola e tiveram dengue.;28
5) Relatório Educação e Mobilidade: Informar nome, data de nascimento, id e linhas de ônibus dos cidadãos de XPTO que frequentaram a escola e utilizaram transporte público.;23
6) Relatório Saúde e Mobilidade: Informar nome, data de nascimento, data que tiveram dengue e linhas de ônibus dos cidadãos de XPTO que frequentaram o posto de saúde e utilizaram transporte público.;18
8) Informar nome, data de nascimento, data que tiveram dengue dos cidadãos de XPTO que frequentaram o posto de saúde, mas não utilizaram transporte público.;195
9) Informar nome, data de nascimento, data que tiveram dengue dos cidadãos de XPTO que frequentaram o posto de saúde, mas não frequentaram a escola.;185
10) Informar nome, data de nascimento, data que tiveram dengue dos cidadãos de XPTO que frequentaram o posto de saúde, mas não frequentaram a escola, nem utilizaram transporte público.;172
1) Relatório Educação: Informar nome, data de nascimento e id dos cidadãos de XPTO que frequentaram a escola, menos os cidadãos que tiveram dengue.;245
2) Relatório Saúde: Informar nome, data de nascimento e data que tiveram dengue dos cidadãos de XPTO que frequentaram o posto de saúde, menos os cidadãos que não utilizam ônibus.;18
3) Relatório Mobilidade: Informar nome, data de nascimento e linhas de ônibus dos cidadãos de XPTO que utilizaram o transporte público e não tiveram dengue.;272
4) Relatório Educação e Saúde: Informar nome, data de nascimento, id e data que tiveram dengue dos cidadãos de XPTO que frequentaram a escola e tiveram dengue.;28
5) Relatório Educação e Mobilidade: Informar nome, data de nascimento, id e linhas de ônibus dos cidadãos de XPTO que frequentaram a escola e utilizaram transporte público.;23
6) Relatório Saúde e Mobilidade: Informar nome, data de nascimento, data que tiveram dengue e linhas de ônibus dos cidadãos de XPTO que frequentaram o posto de saúde e utilizaram transporte público.;18
8) Informar nome, data de nascimento, data que tiveram dengue dos cidadãos de XPTO que frequentaram o posto de saúde, mas não utilizaram transporte público.;195
9) Informar nome, data de nascimento, data que tiveram dengue dos cidadãos de XPTO que frequentaram o posto de saúde, mas não frequentaram a escola.;185
10) Informar nome, data de nascimento, data que tiveram dengue dos cidadãos de XPTO que frequentaram o posto de saúde, mas não frequentaram a escola, nem utilizaram transporte público.;172
1) Relatório Educação: Informar nome, data de nascimento e id dos cidadãos de XPTO que frequentaram a escola, menos os cidadãos que tiveram dengue.;245
2) Relatório Saúde: Informar nome, data de nascimento e data que tiveram dengue dos cidadãos de XPTO que frequentaram o posto de saúde, menos os cidadãos que não utilizam ônibus.;18
3) Relatório Mobilidade: Informar nome, data de nascimento e linhas de ônibus dos cidadãos de XPTO que utilizaram o transporte público e não tiveram dengue.;272
4) Relatório Educação e Saúde: Informar nome, data de nascimento, id e data que tiveram dengue dos cidadãos de XPTO que frequentaram a escola e tiveram dengue.;28
5) Relatório Educação e Mobilidade: Informar nome, data de nascimento, id e linhas de ônibus dos cidadãos de XPTO que frequentaram a escola e utilizaram transporte público.;23
6) Relatório Saúde e Mobilidade: Informar nome, data de nascimento, data que tiveram dengue e linhas de ônibus dos cidadãos de XPTO que frequentaram o posto de saúde e utilizaram transporte público.;18
8) Informar nome, data de nascimento, data que tiveram dengue dos cidadãos de XPTO que frequentaram o posto de saúde, mas não utilizaram transporte público.;195
9) Informar nome, data de nascimento, data que tiveram dengue dos cidadãos de XPTO que frequentaram o posto de saúde, mas não frequentaram a escola.;185
10) Informar nome, data de nascimento, data que tiveram dengue dos cidadãos de XPTO que frequentaram o posto de saúde, mas não frequentaram a escola, nem utilizaram transporte público.;172
1) Relatório Educação: Informar nome, data de nascimento e id dos cidadãos de XPTO que frequentaram a escola, menos os cidadãos que tiveram dengue.;245
2) Relatório Saúde: Informar nome, data de nascimento e data que tiveram dengue dos cidadãos de XPTO que frequentaram o posto de saúde, menos os cidadãos que não utilizam ônibus.;18
3) Relatório Mobilidade: Informar nome, data de nascimento e linhas de ônibus dos cidadãos de XPTO que utilizaram o transporte público e não tiveram dengue.;272
4) Relatório Educação e Saúde: Informar nome, data de nascimento, id e data que tiveram dengue dos cidadãos de XPTO que frequentaram a escola e tiveram dengue.;28
5) Relatório Educação e Mobilidade: Informar nome, data de nascimento, id e linhas de ônibus dos cidadãos de XPTO que frequentaram a escola e utilizaram transporte público.;23
6) Relatório Saúde e Mobilidade: Informar nome, data de nascimento, data que tiveram dengue e linhas de ônibus dos cidadãos de XPTO que frequentaram o posto de saúde e utilizaram transporte público.;18
8) Informar nome, data de nascimento, data que tiveram dengue dos cidadãos de XPTO que frequentaram o posto de saúde, mas não utilizaram transporte público.;195
9) Informar nome, data de nascimento, data que tiveram dengue dos cidadãos de XPTO que frequentaram o posto de saúde, mas não frequentaram a escola.;185
10) Informar nome, data de nascimento, data que tiveram dengue dos cidadãos de XPTO que frequentaram o posto de saúde, mas não frequentaram a escola, nem utilizaram transporte público.;172
1) Relatório Educação: Informar nome, data de nascimento e id dos cidadãos de XPTO que frequentaram a escola, menos os cidadãos que tiveram dengue.;245
2) Relatório Saúde: Informar nome, data de nascimento e data que tiveram dengue dos cidadãos de XPTO que frequentaram o posto de saúde, menos os cidadãos que não utilizam ônibus.;18
3) Relatório Mobilidade: Informar nome, data de nascimento e linhas de ônibus dos cidadãos de XPTO que utilizaram o transporte público e não tiveram dengue.;272
4) Relatório Educação e Saúde: Informar nome, data de nascimento, id e data que tiveram dengue dos cidadãos de XPTO que frequentaram a escola e tiveram dengue.;28
5) Relatório Educação e Mobilidade: Informar nome, data de nascimento, id e linhas de ônibus dos cidadãos de XPTO que frequentaram a escola e utilizaram transporte público.;23
6) Relatório Saúde e Mobilidade: Informar nome, data de nascimento, data que tiveram dengue e linhas de ônibus dos cidadãos de XPTO que frequentaram o posto de saúde e utilizaram transporte público.;18
8) Informar nome, data de nascimento, data que tiveram dengue dos cidadãos de XPTO que frequentaram o posto de saúde, mas não utilizaram transporte público.;195
9) Informar nome, data de nascimento, data que tiveram dengue dos cidadãos de XPTO que frequentaram o posto de saúde, mas não frequentaram a escola.;185
10) Informar nome, data de nascimento, data que tiveram dengue dos cidadãos de XPTO que frequentaram o posto de saúde, mas não frequentaram a escola, nem utilizaram transporte público.;172
1) Relatório Educação: Informar nome, data de nascimento e id dos cidadãos de XPTO que frequentaram a escola, menos os cidadãos que tiveram dengue.;245
2) Relatório Saúde: Informar nome, data de nascimento e data que tiveram dengue dos cidadãos de XPTO que frequentaram o posto de saúde, menos os cidadãos que não utilizam ônibus.;18
3) Relatório Mobilidade: Informar nome, data de nascimento e linhas de ônibus dos cidadãos de XPTO que utilizaram o transporte público e não tiveram dengue.;272
4) Relatório Educação e Saúde: Informar nome, data de nascimento, id e data que tiveram dengue dos cidadãos de XPTO que frequentaram a escola e tiveram dengue.;28
5) Relatório Educação e Mobilidade: Informar nome, data de nascimento, id e linhas de ônibus dos cidadãos de XPTO que frequentaram a escola e utilizaram transporte público.;23
6) Relatório Saúde e Mobilidade: Informar nome, data de nascimento, data que tiveram dengue e linhas de ônibus dos cidadãos de XPTO que frequentaram o posto de saúde e utilizaram transporte público.;18
8) Informar nome, data de nascimento, data que tiveram dengue dos cidadãos de XPTO que frequentaram o posto de saúde, mas não utilizaram transporte público.;195
9) Informar nome, data de nascimento, data que tiveram dengue dos cidadãos de XPTO que frequentaram o posto de saúde, mas não frequentaram a escola.;185
10) Informar nome, data de nascimento, data que tiveram dengue dos cidadãos de XPTO que frequentaram o posto de saúde, mas não frequentaram a escola, nem utilizaram transporte público.;172
1) Relatório Educação: Informar nome, data de nascimento e id dos cidadãos de XPTO que frequentaram a escola, menos os cidadãos que tiveram dengue.;245
2) Relatório Saúde: Informar nome, data de nascimento e data que tiveram dengue dos cidadãos de XPTO que frequentaram o posto de saúde, menos os cidadãos que não utilizam ônibus.;18
3) Relatório Mobilidade: Informar nome, data de nascimento e linhas de ônibus dos cidadãos de XPTO que utilizaram o transporte público e não tiveram dengue.;272
4) Relatório Educação e Saúde: Informar nome, data de nascimento, id e data que tiveram dengue dos cidadãos de XPTO que frequentaram a escola e tiveram dengue.;28
5) Relatório Educação e Mobilidade: Informar nome, data de nascimento, id e linhas de ônibus dos cidadãos de XPTO que frequentaram a escola e utilizaram transporte público.;23
6) Relatório Saúde e Mobilidade: Informar nome, data de nascimento, data que tiveram dengue e linhas de ônibus dos cidadãos de XPTO que frequentaram o posto de saúde e utilizaram transporte público.;18
8) Informar nome, data de nascimento, data que tiveram dengue dos cidadãos de XPTO que frequentaram o posto de saúde, mas não utilizaram transporte público.;195
9) Informar nome, data de nascimento, data que tiveram dengue dos cidadãos de XPTO que frequentaram o posto de saúde, mas não frequentaram a escola.;185
10) Informar nome, data de nascimento, data que tiveram dengue dos cidadãos de XPTO que frequentaram o posto de saúde, mas não frequentaram a escola, nem utilizaram transporte público.;172
1) Relatório Educação: Informar nome, data de nascimento e id dos cidadãos de XPTO que frequentaram a escola, menos os cidadãos que tiveram dengue.;245
2) Relatório Saúde: Informar nome, data de nascimento e data que tiveram dengue dos cidadãos de XPTO que frequentaram o posto de saúde, menos os cidadãos que não utilizam ônibus.;18
3) Relatório Mobilidade: Informar nome, data de nascimento e linhas de ônibus dos cidadãos de XPTO que utilizaram o transporte público e não tiveram dengue.;272
4) Relatório Educação e Saúde: Informar nome, data de nascimento, id e data que tiveram dengue dos cidadãos de XPTO que frequentaram a escola e tiveram dengue.;28
5) Relatório Educação e Mobilidade: Informar nome, data de nascimento, id e linhas de ônibus dos cidadãos de XPTO que frequentaram a escola e utilizaram transporte público.;23
6) Relatório Saúde e Mobilidade: Informar nome, data de nascimento, data que tiveram dengue e linhas de ônibus dos cidadãos de XPTO que frequentaram o posto de saúde e utilizaram transporte público.;18
8) Informar nome, data de nascimento, data que tiveram dengue dos cidadãos de XPTO que frequentaram o posto de saúde, mas não utilizaram transporte público.;195
9) Informar nome, data de nascimento, data que tiveram dengue dos cidadãos de XPTO que frequentaram o posto de saúde, mas não frequentaram a escola.;185
10) Informar nome, data de nascimento, data que tiveram dengue dos cidadãos de XPTO que frequentaram o posto de saúde, mas não frequentaram a escola, nem utilizaram transporte público.;172
1) Relatório Educação: Informar nome, data de nascimento e id dos cidadãos de XPTO que frequentaram a escola, menos os cidadãos que tiveram dengue.;245
2) Relatório Saúde: Informar nome, data de nascimento e data que tiveram dengue dos cidadãos de XPTO que frequentaram o posto de saúde, menos os cidadãos que não utilizam ônibus.;18
3) Relatório Mobilidade: Informar nome, data de nascimento e linhas de ônibus dos cidadãos de XPTO que utilizaram o transporte público e não tiveram dengue.;272
4) Relatório Educação e Saúde: Informar nome, data de nascimento, id e data que tiveram dengue dos cidadãos de XPTO que frequentaram a escola e tiveram dengue.;28
5) Relatório Educação e Mobilidade: Informar nome, data de nascimento, id e linhas de ônibus dos cidadãos de XPTO que frequentaram a escola e utilizaram transporte público.;23
6) Relatório Saúde e Mobilidade: Informar nome, data de nascimento, data que tiveram dengue e linhas de ônibus dos cidadãos de XPTO que frequentaram o posto de saúde e utilizaram transporte público.;18
8) Informar nome, data de nascimento, data que tiveram dengue dos cidadãos de XPTO que frequentaram o posto de saúde, mas não utilizaram transporte público.;195
9) Informar nome, data de nascimento, data que tiveram dengue dos cidadãos de XPTO que frequentaram o posto de saúde, mas não frequentaram a escola.;185
10) Informar nome, data de nascimento, data que tiveram dengue dos cidadãos de XPTO que frequentaram o posto de saúde, mas não frequentaram a escola, nem utilizaram transporte público.;172
1) Relatório Educação: Informar nome, data de nascimento e id dos cidadãos de XPTO que frequentaram a escola, menos os cidadãos que tiveram dengue.;245
2) Relatório Saúde: Informar nome, data de nascimento e data que tiveram dengue dos cidadãos de XPTO que frequentaram o posto de saúde, menos os cidadãos que não utilizam ônibus.;18
3) Relatório Mobilidade: Informar nome, data de nascimento e linhas de ônibus dos cidadãos de XPTO que utilizaram o transporte público e não tiveram dengue.;272
4) Relatório Educação e Saúde: Informar nome, data de nascimento, id e data que tiveram dengue dos cidadãos de XPTO que frequentaram a escola e tiveram dengue.;28
5) Relatório Educação e Mobilidade: Informar nome, data de nascimento, id e linhas de ônibus dos cidadãos de XPTO que frequentaram a escola e utilizaram transporte público.;23
6) Relatório Saúde e Mobilidade: Informar nome, data de nascimento, data que tiveram dengue e linhas de ônibus dos cidadãos de XPTO que frequentaram o posto de saúde e utilizaram transporte público.;18
8) Informar nome, data de nascimento, data que tiveram dengue dos cidadãos de XPTO que frequentaram o posto de saúde, mas não utilizaram transporte público.;195
9) Informar nome, data de nascimento, data que tiveram dengue dos cidadãos de XPTO que frequentaram o posto de saúde, mas não frequentaram a escola.;185
10) Informar nome, data de nascimento, data que tiveram dengue dos cidadãos de XPTO que frequentaram o posto de saúde, mas não frequentaram a escola, nem utilizaram transporte público.;172
1) Relatório Educação: Informar nome, data de nascimento e id dos cidadãos de XPTO que frequentaram a escola, menos os cidadãos que tiveram dengue.;245
2) Relatório Saúde: Informar nome, data de nascimento e data que tiveram dengue dos cidadãos de XPTO que frequentaram o posto de saúde, menos os cidadãos que não utilizam ônibus.;18
3) Relatório Mobilidade: Informar nome, data de nascimento e linhas de ônibus dos cidadãos de XPTO que utilizaram o transporte público e não tiveram dengue.;272
4) Relatório Educação e Saúde: Informar nome, data de nascimento, id e data que tiveram dengue dos cidadãos de XPTO que frequentaram a escola e tiveram dengue.;28
5) Relatório Educação e Mobilidade: Informar nome, data de nascimento, id e linhas de ônibus dos cidadãos de XPTO que frequentaram a escola e utilizaram transporte público.;23
6) Relatório Saúde e Mobilidade: Informar nome, data de nascimento, data que tiveram dengue e linhas de ônibus dos cidadãos de XPTO que frequentaram o posto de saúde e utilizaram transporte público.;18
8) Informar nome, data de nascimento, data que tiveram dengue dos cidadãos de XPTO que frequentaram o posto de saúde, mas não utilizaram transporte público.;195
9) Informar nome, data de nascimento, data que tiveram dengue dos cidadãos de XPTO que frequentaram o posto de saúde, mas não frequentaram a escola.;185
10) Informar nome, data de nascimento, data que tiveram dengue dos cidadãos de XPTO que frequentaram o posto de saúde, mas não frequentaram a escola, nem utilizaram transporte público.;172
1) Relatório Educação: Informar nome, data de nascimento e id dos cidadãos de XPTO que frequentaram a escola, menos os cidadãos que tiveram dengue.;245
2) Relatório Saúde: Informar nome, data de nascimento e data que tiveram dengue dos cidadãos de XPTO que frequentaram o posto de saúde, menos os cidadãos que não utilizam ônibus.;18
3) Relatório Mobilidade: Informar nome, data de nascimento e linhas de ônibus dos cidadãos de XPTO que utilizaram o transporte público e não tiveram dengue.;272
4) Relatório Educação e Saúde: Informar nome, data de nascimento, id e data que tiveram dengue dos cidadãos de XPTO que frequentaram a escola e tiveram dengue.;28
5) Relatório Educação e Mobilidade: Informar nome, data de nascimento, id e linhas de ônibus dos cidadãos de XPTO que frequentaram a escola e utilizaram transporte público.;23
6) Relatório Saúde e Mobilidade: Informar nome, data de nascimento, data que tiveram dengue e linhas de ônibus dos cidadãos de XPTO que frequentaram o posto de saúde e utilizaram transporte público.;18
8) Informar nome, data de nascimento, data que tiveram dengue dos cidadãos de XPTO que frequentaram o posto de saúde, mas não utilizaram transporte público.;195
9) Informar nome, data de nascimento, data que tiveram dengue dos cidadãos de XPTO que frequentaram o posto de saúde, mas não frequentaram a escola.;185
10) Informar nome, data de nascimento, data que tiveram dengue dos cidadãos de XPTO que frequentaram o posto de saúde, mas não frequentaram a escola, nem utilizaram transporte público.;172
1) Relatório Educação: Informar nome, data de nascimento e id dos cidadãos de XPTO que frequentaram a escola, menos os cidadãos que tiveram dengue.;245
2) Relatório Saúde: Informar nome, data de nascimento e data que tiveram dengue dos cidadãos de XPTO que frequentaram o posto de saúde, menos os cidadãos que não utilizam ônibus.;18
3) Relatório Mobilidade: Informar nome, data de nascimento e linhas de ônibus dos cidadãos de XPTO que utilizaram o transporte público e não tiveram dengue.;272
4) Relatório Educação e Saúde: Informar nome, data de nascimento, id e data que tiveram dengue dos cidadãos de XPTO que frequentaram a escola e tiveram dengue.;28
5) Relatório Educação e Mobilidade: Informar nome, data de nascimento, id e linhas de ônibus dos cidadãos de XPTO que frequentaram a escola e utilizaram transporte público.;23
6) Relatório Saúde e Mobilidade: Informar nome, data de nascimento, data que tiveram dengue e linhas de ônibus dos cidadãos de XPTO que frequentaram o posto de saúde e utilizaram transporte público.;18
8) Informar nome, data de nascimento, data que tiveram dengue dos cidadãos de XPTO que frequentaram o posto de saúde, mas não utilizaram transporte público.;195
9) Informar nome, data de nascimento, data que tiveram dengue dos cidadãos de XPTO que frequentaram o posto de saúde, mas não frequentaram a escola.;185
10) Informar nome, data de nascimento, data que tiveram dengue dos cidadãos de XPTO que frequentaram o posto de saúde, mas não frequentaram a escola, nem utilizaram transporte público.;172
1) Relatório Educação: Informar nome, data de nascimento e id dos cidadãos de XPTO que frequentaram a escola, menos os cidadãos que tiveram dengue.;245
2) Relatório Saúde: Informar nome, data de nascimento e data que tiveram dengue dos cidadãos de XPTO que frequentaram o posto de saúde, menos os cidadãos que não utilizam ônibus.;18
3) Relatório Mobilidade: Informar nome, data de nascimento e linhas de ônibus dos cidadãos de XPTO que utilizaram o transporte público e não tiveram dengue.;272
4) Relatório Educação e Saúde: Informar nome, data de nascimento, id e data que tiveram dengue dos cidadãos de XPTO que frequentaram a escola e tiveram dengue.;28
5) Relatório Educação e Mobilidade: Informar nome, data de nascimento, id e linhas de ônibus dos cidadãos de XPTO que frequentaram a escola e utilizaram transporte público.;23
6) Relatório Saúde e Mobilidade: Informar nome, data de nascimento, data que tiveram dengue e linhas de ônibus dos cidadãos de XPTO que frequentaram o posto de saúde e utilizaram transporte público.;18
8) Informar nome, data de nascimento, data que tiveram dengue dos cidadãos de XPTO que frequentaram o posto de saúde, mas não utilizaram transporte público.;195
9) Informar nome, data de nascimento, data que tiveram dengue dos cidadãos de XPTO que frequentaram o posto de saúde, mas não frequentaram a escola.;185
10) Informar nome, data de nascimento, data que tiveram dengue dos cidadãos de XPTO que frequentaram o posto de saúde, mas não frequentaram a escola, nem utilizaram transporte público.;172
1) Relatório Educação: Informar nome, data de nascimento e id dos cidadãos de XPTO que frequentaram a escola, menos os cidadãos que tiveram dengue.;245
2) Relatório Saúde: Informar nome, data de nascimento e data que tiveram dengue dos cidadãos de XPTO que frequentaram o posto de saúde, menos os cidadãos que não utilizam ônibus.;18
3) Relatório Mobilidade: Informar nome, data de nascimento e linhas de ônibus dos cidadãos de XPTO que utilizaram o transporte público e não tiveram dengue.;272
4) Relatório Educação e Saúde: Informar nome, data de nascimento, id e data que tiveram dengue dos cidadãos de XPTO que frequentaram a escola e tiveram dengue.;28
5) Relatório Educação e Mobilidade: Informar nome, data de nascimento, id e linhas de ônibus dos cidadãos de XPTO que frequentaram a escola e utilizaram transporte público.;23
6) Relatório Saúde e Mobilidade: Informar nome, data de nascimento, data que tiveram dengue e linhas de ônibus dos cidadãos de XPTO que frequentaram o posto de saúde e utilizaram transporte público.;18
8) Informar nome, data de nascimento, data que tiveram dengue dos cidadãos de XPTO que frequentaram o posto de saúde, mas não utilizaram transporte público.;195
9) Informar nome, data de nascimento, data que tiveram dengue dos cidadãos de XPTO que frequentaram o posto de saúde, mas não frequentaram a escola.;185
10) Informar nome, data de nascimento, data que tiveram dengue dos cidadãos de XPTO que frequentaram o posto de saúde, mas não frequentaram a escola, nem utilizaram transporte público.;172
1) Relatório Educação: Informar nome, data de nascimento e id dos cidadãos de XPTO que frequentaram a escola, menos os cidadãos que tiveram dengue.;245
2) Relatório Saúde: Informar nome, data de nascimento e data que tiveram dengue dos cidadãos de XPTO que frequentaram o posto de saúde, menos os cidadãos que não utilizam ônibus.;18
3) Relatório Mobilidade: Informar nome, data de nascimento e linhas de ônibus dos cidadãos de XPTO que utilizaram o transporte público e não tiveram dengue.;272
4) Relatório Educação e Saúde: Informar nome, data de nascimento, id e data que tiveram dengue dos cidadãos de XPTO que frequentaram a escola e tiveram dengue.;28
5) Relatório Educação e Mobilidade: Informar nome, data de nascimento, id e linhas de ônibus dos cidadãos de XPTO que frequentaram a escola e utilizaram transporte público.;23
6) Relatório Saúde e Mobilidade: Informar nome, data de nascimento, data que tiveram dengue e linhas de ônibus dos cidadãos de XPTO que frequentaram o posto de saúde e utilizaram transporte público.;18
8) Informar nome, data de nascimento, data que tiveram dengue dos cidadãos de XPTO que frequentaram o posto de saúde, mas não utilizaram transporte público.;195
9) Informar nome, data de nascimento, data que tiveram dengue dos cidadãos de XPTO que frequentaram o posto de saúde, mas não frequentaram a escola.;185
10) Informar nome, data de nascimento, data que tiveram dengue dos cidadãos de XPTO que frequentaram o posto de saúde, mas não frequentaram a escola, nem utilizaram transporte público.;172
1) Relatório Educação: Informar nome, data de nascimento e id dos cidadãos de XPTO que frequentaram a escola, menos os cidadãos que tiveram dengue.;245
2) Relatório Saúde: Informar nome, data de nascimento e data que tiveram dengue dos cidadãos de XPTO que frequentaram o posto de saúde, menos os cidadãos que não utilizam ônibus.;18
3) Relatório Mobilidade: Informar nome, data de nascimento e linhas de ônibus dos cidadãos de XPTO que utilizaram o transporte público e não tiveram dengue.;272
4) Relatório Educação e Saúde: Informar nome, data de nascimento, id e data que tiveram dengue dos cidadãos de XPTO que frequentaram a escola e tiveram dengue.;28
5) Relatório Educação e Mobilidade: Informar nome, data de nascimento, id e linhas de ônibus dos cidadãos de XPTO que frequentaram a escola e utilizaram transporte público.;23
6) Relatório Saúde e Mobilidade: Informar nome, data de nascimento, data que tiveram dengue e linhas de ônibus dos cidadãos de XPTO que frequentaram o posto de saúde e utilizaram transporte público.;18
8) Informar nome, data de nascimento, data que tiveram dengue dos cidadãos de XPTO que frequentaram o posto de saúde, mas não utilizaram transporte público.;195
9) Informar nome, data de nascimento, data que tiveram dengue dos cidadãos de XPTO que frequentaram o posto de saúde, mas não frequentaram a escola.;185
10) Informar nome, data de nascimento, data que tiveram dengue dos cidadãos de XPTO que frequentaram o posto de saúde, mas não frequentaram a escola, nem utilizaram transporte público.;172
1) Relatório Educação: Informar nome, data de nascimento e id dos cidadãos de XPTO que frequentaram a escola, menos os cidadãos que tiveram dengue.;245
2) Relatório Saúde: Informar nome, data de nascimento e data que tiveram dengue dos cidadãos de XPTO que frequentaram o posto de saúde, menos os cidadãos que não utilizam ônibus.;18
3) Relatório Mobilidade: Informar nome, data de nascimento e linhas de ônibus dos cidadãos de XPTO que utilizaram o transporte público e não tiveram dengue.;272
4) Relatório Educação e Saúde: Informar nome, data de nascimento, id e data que tiveram dengue dos cidadãos de XPTO que frequentaram a escola e tiveram dengue.;28
5) Relatório Educação e Mobilidade: Informar nome, data de nascimento, id e linhas de ônibus dos cidadãos de XPTO que frequentaram a escola e utilizaram transporte público.;23
6) Relatório Saúde e Mobilidade: Informar nome, data de nascimento, data que tiveram dengue e linhas de ônibus dos cidadãos de XPTO que frequentaram o posto de saúde e utilizaram transporte público.;18
7) Relatório Saúde, Mobilidade e Educação: Informar nome, data de nascimento, data que tiveram dengue e linhas de ônibus  dos cidadãos de XPTO que frequentaram o posto de saúde, utilizaram transporte público e frequentaram a escola.;5
8) Informar nome, data de nascimento, data que tiveram dengue dos cidadãos de XPTO que frequentaram o posto de saúde, mas não utilizaram transporte público.;195
9) Informar nome, data de nascimento, data que tiveram dengue dos cidadãos de XPTO que frequentaram o posto de saúde, mas não frequentaram a escola.;185
10) Informar nome, data de nascimento, data que tiveram dengue dos cidadãos de XPTO que frequentaram o posto de saúde, mas não frequentaram a escola, nem utilizaram transporte público.;172
1) Relatório Educação: Informar nome, data de nascimento e id dos cidadãos de XPTO que frequentaram a escola, menos os cidadãos que tiveram dengue.;245
2) Relatório Saúde: Informar nome, data de nascimento e data que tiveram dengue dos cidadãos de XPTO que frequentaram o posto de saúde, menos os cidadãos que não utilizam ônibus.;18
3) Relatório Mobilidade: Informar nome, data de nascimento e linhas de ônibus dos cidadãos de XPTO que utilizaram o transporte público e não tiveram dengue.;272
4) Relatório Educação e Saúde: Informar nome, data de nascimento, id e data que tiveram dengue dos cidadãos de XPTO que frequentaram a escola e tiveram dengue.;28
5) Relatório Educação e Mobilidade: Informar nome, data de nascimento, id e linhas de ônibus dos cidadãos de XPTO que frequentaram a escola e utilizaram transporte público.;23
6) Relatório Saúde e Mobilidade: Informar nome, data de nascimento, data que tiveram dengue e linhas de ônibus dos cidadãos de XPTO que frequentaram o posto de saúde e utilizaram transporte público.;18
7) Relatório Saúde, Mobilidade e Educação: Informar nome, data de nascimento, data que tiveram dengue e linhas de ônibus  dos cidadãos de XPTO que frequentaram o posto de saúde, utilizaram transporte público e frequentaram a escola.;0
8) Informar nome, data de nascimento, data que tiveram dengue dos cidadãos de XPTO que frequentaram o posto de saúde, mas não utilizaram transporte público.;195
9) Informar nome, data de nascimento, data que tiveram dengue dos cidadãos de XPTO que frequentaram o posto de saúde, mas não frequentaram a escola.;185
10) Informar nome, data de nascimento, data que tiveram dengue dos cidadãos de XPTO que frequentaram o posto de saúde, mas não frequentaram a escola, nem utilizaram transporte público.;172
1) Relatório Educação: Informar nome, data de nascimento e id dos cidadãos de XPTO que frequentaram a escola, menos os cidadãos que tiveram dengue.;245
2) Relatório Saúde: Informar nome, data de nascimento e data que tiveram dengue dos cidadãos de XPTO que frequentaram o posto de saúde, menos os cidadãos que não utilizam ônibus.;18
3) Relatório Mobilidade: Informar nome, data de nascimento e linhas de ônibus dos cidadãos de XPTO que utilizaram o transporte público e não tiveram dengue.;272
4) Relatório Educação e Saúde: Informar nome, data de nascimento, id e data que tiveram dengue dos cidadãos de XPTO que frequentaram a escola e tiveram dengue.;28
5) Relatório Educação e Mobilidade: Informar nome, data de nascimento, id e linhas de ônibus dos cidadãos de XPTO que frequentaram a escola e utilizaram transporte público.;23
6) Relatório Saúde e Mobilidade: Informar nome, data de nascimento, data que tiveram dengue e linhas de ônibus dos cidadãos de XPTO que frequentaram o posto de saúde e utilizaram transporte público.;18
7) Relatório Saúde, Mobilidade e Educação: Informar nome, data de nascimento, data que tiveram dengue e linhas de ônibus  dos cidadãos de XPTO que frequentaram o posto de saúde, utilizaram transporte público e frequentaram a escola.;0
8) Informar nome, data de nascimento, data que tiveram dengue dos cidadãos de XPTO que frequentaram o posto de saúde, mas não utilizaram transporte público.;195
9) Informar nome, data de nascimento, data que tiveram dengue dos cidadãos de XPTO que frequentaram o posto de saúde, mas não frequentaram a escola.;185
10) Informar nome, data de nascimento, data que tiveram dengue dos cidadãos de XPTO que frequentaram o posto de saúde, mas não frequentaram a escola, nem utilizaram transporte público.;172
1) Relatório Educação: Informar nome, data de nascimento e id dos cidadãos de XPTO que frequentaram a escola, menos os cidadãos que tiveram dengue.;245
2) Relatório Saúde: Informar nome, data de nascimento e data que tiveram dengue dos cidadãos de XPTO que frequentaram o posto de saúde, menos os cidadãos que não utilizam ônibus.;18
3) Relatório Mobilidade: Informar nome, data de nascimento e linhas de ônibus dos cidadãos de XPTO que utilizaram o transporte público e não tiveram dengue.;272
4) Relatório Educação e Saúde: Informar nome, data de nascimento, id e data que tiveram dengue dos cidadãos de XPTO que frequentaram a escola e tiveram dengue.;28
5) Relatório Educação e Mobilidade: Informar nome, data de nascimento, id e linhas de ônibus dos cidadãos de XPTO que frequentaram a escola e utilizaram transporte público.;23
6) Relatório Saúde e Mobilidade: Informar nome, data de nascimento, data que tiveram dengue e linhas de ônibus dos cidadãos de XPTO que frequentaram o posto de saúde e utilizaram transporte público.;18
7) Relatório Saúde, Mobilidade e Educação: Informar nome, data de nascimento, data que tiveram dengue e linhas de ônibus  dos cidadãos de XPTO que frequentaram o posto de saúde, utilizaram transporte público e frequentaram a escola.;0
8) Informar nome, data de nascimento, data que tiveram dengue dos cidadãos de XPTO que frequentaram o posto de saúde, mas não utilizaram transporte público.;195
9) Informar nome, data de nascimento, data que tiveram dengue dos cidadãos de XPTO que frequentaram o posto de saúde, mas não frequentaram a escola.;185
10) Informar nome, data de nascimento, data que tiveram dengue dos cidadãos de XPTO que frequentaram o posto de saúde, mas não frequentaram a escola, nem utilizaram transporte público.;172
1) Relatório Educação: Informar nome, data de nascimento e id dos cidadãos de XPTO que frequentaram a escola, menos os cidadãos que tiveram dengue.;245
2) Relatório Saúde: Informar nome, data de nascimento e data que tiveram dengue dos cidadãos de XPTO que frequentaram o posto de saúde, menos os cidadãos que não utilizam ônibus.;18
3) Relatório Mobilidade: Informar nome, data de nascimento e linhas de ônibus dos cidadãos de XPTO que utilizaram o transporte público e não tiveram dengue.;272
4) Relatório Educação e Saúde: Informar nome, data de nascimento, id e data que tiveram dengue dos cidadãos de XPTO que frequentaram a escola e tiveram dengue.;28
5) Relatório Educação e Mobilidade: Informar nome, data de nascimento, id e linhas de ônibus dos cidadãos de XPTO que frequentaram a escola e utilizaram transporte público.;23
6) Relatório Saúde e Mobilidade: Informar nome, data de nascimento, data que tiveram dengue e linhas de ônibus dos cidadãos de XPTO que frequentaram o posto de saúde e utilizaram transporte público.;18
7) Relatório Saúde, Mobilidade e Educação: Informar nome, data de nascimento, data que tiveram dengue e linhas de ônibus  dos cidadãos de XPTO que frequentaram o posto de saúde, utilizaram transporte público e frequentaram a escola.;0
8) Informar nome, data de nascimento, data que tiveram dengue dos cidadãos de XPTO que frequentaram o posto de saúde, mas não utilizaram transporte público.;195
9) Informar nome, data de nascimento, data que tiveram dengue dos cidadãos de XPTO que frequentaram o posto de saúde, mas não frequentaram a escola.;185
10) Informar nome, data de nascimento, data que tiveram dengue dos cidadãos de XPTO que frequentaram o posto de saúde, mas não frequentaram a escola, nem utilizaram transporte público.;172
1) Relatório Educação: Informar nome, data de nascimento e id dos cidadãos de XPTO que frequentaram a escola, menos os cidadãos que tiveram dengue.;245
2) Relatório Saúde: Informar nome, data de nascimento e data que tiveram dengue dos cidadãos de XPTO que frequentaram o posto de saúde, menos os cidadãos que não utilizam ônibus.;18
3) Relatório Mobilidade: Informar nome, data de nascimento e linhas de ônibus dos cidadãos de XPTO que utilizaram o transporte público e não tiveram dengue.;272
4) Relatório Educação e Saúde: Informar nome, data de nascimento, id e data que tiveram dengue dos cidadãos de XPTO que frequentaram a escola e tiveram dengue.;28
5) Relatório Educação e Mobilidade: Informar nome, data de nascimento, id e linhas de ônibus dos cidadãos de XPTO que frequentaram a escola e utilizaram transporte público.;23
6) Relatório Saúde e Mobilidade: Informar nome, data de nascimento, data que tiveram dengue e linhas de ônibus dos cidadãos de XPTO que frequentaram o posto de saúde e utilizaram transporte público.;18
7) Relatório Saúde, Mobilidade e Educação: Informar nome, data de nascimento, data que tiveram dengue e linhas de ônibus  dos cidadãos de XPTO que frequentaram o posto de saúde, utilizaram transporte público e frequentaram a escola.;0
8) Informar nome, data de nascimento, data que tiveram dengue dos cidadãos de XPTO que frequentaram o posto de saúde, mas não utilizaram transporte público.;195
9) Informar nome, data de nascimento, data que tiveram dengue dos cidadãos de XPTO que frequentaram o posto de saúde, mas não frequentaram a escola.;185
10) Informar nome, data de nascimento, data que tiveram dengue dos cidadãos de XPTO que frequentaram o posto de saúde, mas não frequentaram a escola, nem utilizaram transporte público.;172
1) Relatório Educação: Informar nome, data de nascimento e id dos cidadãos de XPTO que frequentaram a escola, menos os cidadãos que tiveram dengue.;245
2) Relatório Saúde: Informar nome, data de nascimento e data que tiveram dengue dos cidadãos de XPTO que frequentaram o posto de saúde, menos os cidadãos que não utilizam ônibus.;18
3) Relatório Mobilidade: Informar nome, data de nascimento e linhas de ônibus dos cidadãos de XPTO que utilizaram o transporte público e não tiveram dengue.;272
4) Relatório Educação e Saúde: Informar nome, data de nascimento, id e data que tiveram dengue dos cidadãos de XPTO que frequentaram a escola e tiveram dengue.;28
5) Relatório Educação e Mobilidade: Informar nome, data de nascimento, id e linhas de ônibus dos cidadãos de XPTO que frequentaram a escola e utilizaram transporte público.;23
6) Relatório Saúde e Mobilidade: Informar nome, data de nascimento, data que tiveram dengue e linhas de ônibus dos cidadãos de XPTO que frequentaram o posto de saúde e utilizaram transporte público.;18
7) Relatório Saúde, Mobilidade e Educação: Informar nome, data de nascimento, data que tiveram dengue e linhas de ônibus  dos cidadãos de XPTO que frequentaram o posto de saúde, utilizaram transporte público e frequentaram a escola.;5
8) Informar nome, data de nascimento, data que tiveram dengue dos cidadãos de XPTO que frequentaram o posto de saúde, mas não utilizaram transporte público.;195
9) Informar nome, data de nascimento, data que tiveram dengue dos cidadãos de XPTO que frequentaram o posto de saúde, mas não frequentaram a escola.;185
10) Informar nome, data de nascimento, data que tiveram dengue dos cidadãos de XPTO que frequentaram o posto de saúde, mas não frequentaram a escola, nem utilizaram transporte público.;172
1) Relatório Educação: Informar nome, data de nascimento e id dos cidadãos de XPTO que frequentaram a escola, menos os cidadãos que tiveram dengue.;245
2) Relatório Saúde: Informar nome, data de nascimento e data que tiveram dengue dos cidadãos de XPTO que frequentaram o posto de saúde, menos os cidadãos que não utilizam ônibus.;18
3) Relatório Mobilidade: Informar nome, data de nascimento e linhas de ônibus dos cidadãos de XPTO que utilizaram o transporte público e não tiveram dengue.;272
4) Relatório Educação e Saúde: Informar nome, data de nascimento, id e data que tiveram dengue dos cidadãos de XPTO que frequentaram a escola e tiveram dengue.;28
5) Relatório Educação e Mobilidade: Informar nome, data de nascimento, id e linhas de ônibus dos cidadãos de XPTO que frequentaram a escola e utilizaram transporte público.;23
6) Relatório Saúde e Mobilidade: Informar nome, data de nascimento, data que tiveram dengue e linhas de ônibus dos cidadãos de XPTO que frequentaram o posto de saúde e utilizaram transporte público.;18
7) Relatório Saúde, Mobilidade e Educação: Informar nome, data de nascimento, data que tiveram dengue e linhas de ônibus  dos cidadãos de XPTO que frequentaram o posto de saúde, utilizaram transporte público e frequentaram a escola.;5
8) Informar nome, data de nascimento, data que tiveram dengue dos cidadãos de XPTO que frequentaram o posto de saúde, mas não utilizaram transporte público.;195
9) Informar nome, data de nascimento, data que tiveram dengue dos cidadãos de XPTO que frequentaram o posto de saúde, mas não frequentaram a escola.;185
10) Informar nome, data de nascimento, data que tiveram dengue dos cidadãos de XPTO que frequentaram o posto de saúde, mas não frequentaram a escola, nem utilizaram transporte público.;172
1) Relatório Educação: Informar nome, data de nascimento e id dos cidadãos de XPTO que frequentaram a escola, menos os cidadãos que tiveram dengue.;245
2) Relatório Saúde: Informar nome, data de nascimento e data que tiveram dengue dos cidadãos de XPTO que frequentaram o posto de saúde, menos os cidadãos que não utilizam ônibus.;18
3) Relatório Mobilidade: Informar nome, data de nascimento e linhas de ônibus dos cidadãos de XPTO que utilizaram o transporte público e não tiveram dengue.;272
4) Relatório Educação e Saúde: Informar nome, data de nascimento, id e data que tiveram dengue dos cidadãos de XPTO que frequentaram a escola e tiveram dengue.;28
5) Relatório Educação e Mobilidade: Informar nome, data de nascimento, id e linhas de ônibus dos cidadãos de XPTO que frequentaram a escola e utilizaram transporte público.;23
6) Relatório Saúde e Mobilidade: Informar nome, data de nascimento, data que tiveram dengue e linhas de ônibus dos cidadãos de XPTO que frequentaram o posto de saúde e utilizaram transporte público.;18
7) Relatório Saúde, Mobilidade e Educação: Informar nome, data de nascimento, data que tiveram dengue e linhas de ônibus  dos cidadãos de XPTO que frequentaram o posto de saúde, utilizaram transporte público e frequentaram a escola.;5
8) Informar nome, data de nascimento, data que tiveram dengue dos cidadãos de XPTO que frequentaram o posto de saúde, mas não utilizaram transporte público.;195
9) Informar nome, data de nascimento, data que tiveram dengue dos cidadãos de XPTO que frequentaram o posto de saúde, mas não frequentaram a escola.;185
10) Informar nome, data de nascimento, data que tiveram dengue dos cidadãos de XPTO que frequentaram o posto de saúde, mas não frequentaram a escola, nem utilizaram transporte público.;172
1) Relatório Educação: Informar nome, data de nascimento e id dos cidadãos de XPTO que frequentaram a escola, menos os cidadãos que tiveram dengue.;245
2) Relatório Saúde: Informar nome, data de nascimento e data que tiveram dengue dos cidadãos de XPTO que frequentaram o posto de saúde, menos os cidadãos que não utilizam ônibus.;18
3) Relatório Mobilidade: Informar nome, data de nascimento e linhas de ônibus dos cidadãos de XPTO que utilizaram o transporte público e não tiveram dengue.;272
4) Relatório Educação e Saúde: Informar nome, data de nascimento, id e data que tiveram dengue dos cidadãos de XPTO que frequentaram a escola e tiveram dengue.;28
5) Relatório Educação e Mobilidade: Informar nome, data de nascimento, id e linhas de ônibus dos cidadãos de XPTO que frequentaram a escola e utilizaram transporte público.;23
6) Relatório Saúde e Mobilidade: Informar nome, data de nascimento, data que tiveram dengue e linhas de ônibus dos cidadãos de XPTO que frequentaram o posto de saúde e utilizaram transporte público.;18
7) Relatório Saúde, Mobilidade e Educação: Informar nome, data de nascimento, data que tiveram dengue e linhas de ônibus  dos cidadãos de XPTO que frequentaram o posto de saúde, utilizaram transporte público e frequentaram a escola.;5
8) Informar nome, data de nascimento, data que tiveram dengue dos cidadãos de XPTO que frequentaram o posto de saúde, mas não utilizaram transporte público.;195
9) Informar nome, data de nascimento, data que tiveram dengue dos cidadãos de XPTO que frequentaram o posto de saúde, mas não frequentaram a escola.;185
10) Informar nome, data de nascimento, data que tiveram dengue dos cidadãos de XPTO que frequentaram o posto de saúde, mas não frequentaram a escola, nem utilizaram transporte público.;172
